sr.no.,question,optionA,optionB,optionC,optionD,optionE,answer,solution,manual_update,exam_tag,test_id
1, 'विष के दांत कहानी के रचयिता कौन है ?,अमरकांत,नलिन विलोचन शर्मा,यतीन्द्र,मैक्समूलर,,B,,,,
2, नलिन विलोचन शर्मा का जन्म हुआ।,1914,1915,1916,1917,,C,,,,
3, नलिन विलोचन शर्मा का जन्म कहाँ हुआ था ?,सिमरिया,बलिया,उन्नाव,पटना,,D,,,,
4, 'विष के दाँत' पाठ की विधा है-,निबंध,व्यक्तिचित्र,कविता,कहानी,,D,,,,
5, गिरधरलाल का बेटा है-,खोखा,काशू,मदन,आलो,,C,,,,
6, खोखा किस कहानी का पात्र है?,विष के दाँत,बहादुर,मछली,नाखून क्यों बढ़ते हैं,,A,,,,
7, 'मदन' किसका बेटा है?,सेन साहब का,गिरधर लाल का,शोफर का,अखबारनवीस का,,B,,,,
8, सेन साहब की कितनी लड़कियाँ थीं?,दो,चार,तीन,पाँच,,D,,,,
9," सीमा, रजनी, आलो, शेफाली, आरती पाँचों किनकी .
बेटियाँ है?",गिरधरलाल की,शोफर की,सेन साहब की,पत्रकार महोदय की,,C,,,,
10, नाउम्मीद बुढ़ापे की आँखों का तारा है-,मदन,खोखा,रजनी,शेफाली,,B,,,,
11," किसके अनुसार सेनों ने सिद्धांतों को भी बदल
लिया था ?",बेटियों के अनुसार,खोखा के अनुसार,मदन के अनुसार,गिरधर के अनुसार,,B,,,,
12, खोखा के दाँत किसने तोड़े ?,मदन ने,मदन के दोस्त ने,सेन साहब ने,गिरधर ने,,A,,,,
13, सेन साहब की कार की कीमत है—,साढ़े सात हजार,साढ़े आठ हजार,साढ़े नौ हजार,साढ़े सात लाख,,A,,,,
14, सेन साहब की आँखों का तारा है-,कार,खोखा,खोखी,उपर्युक्त सभी,,B,,,,
15," 'मोटर को कोई खतरा हो सकता है, तो
से'।",खोखा,मदन,सीमा,शेफाली,,A,,,,
16," लड़कियाँ तो पाँचों बड़ी सुशील हैं, पाँच-पाँच
ठहरी और सो भी लड़कियाँ, तहजीव और तमीज
की तो जीती-जागती मूरत ही हैं।
उपर्युक्त गद्यांश किस पाठ का है?",नाखून क्यों बढ़ते हैं,नौबतखाने में इवादत,विष के दाँत,परंपरा का मूल्यांकन,,C,,,,
17, सेनं साहब की नई मोटरकार किस रंग की थी?,सफेद,काली,नीली,लाल,,B,,,,
18," महल और झोपड़ीवालों की लड़ाई में अक्सर
महलवाले ही जीतते हैं। इस गद्यांश के लेखक
कौन हैं ?",महात्मा गाँधी,अमरकांत,नलिन विलोचन शर्मा,अशोक वाजपेयी,,C,,,,
19," 'विष के दाँत' कहानी किस वर्ग के अनेक
अंतरविरोधों को उजागर करती है ?",उच्च वर्ग,मध्य वर्ग,निम्न वर्ग,शोषित वर्ग,,C,,,,
20, सेन साहब अपने बेटे खोखा को क्या बनाना चाहते थे ?,डॉक्टर,खिलाड़ी,"बिजनेस मैन, इंजीनियर",पत्रकार,,C,,,,
21," सेन साहब की नई मोटरकार की पिछली बत्ती का
लाल शीशा किसने चकनाचूर किया था?",मदन,शोफर,काशू,इनमें से कोई नहीं,,B,,,,
22," खोखा जीवन के नियम का अपवाद था और यह
अस्वाभाविक नहीं था कि वह घर के नियमों का
भी अपवाद हो। यह गद्यांश किस पाठ का है?",विष के दाँत,शिक्षा और संस्कृति,बहादुर,मछली,,A,,,,
23, खोखा के पिता हैं-,गिरधरलाल,सेन साहब,पत्रकार,अखवारनवीस,,B,,,,
24," किसके लिए घर में अलग नियम थे, दूसरी तरह
की शिक्षा थी?",खोखा के लिए,मदन के लिए,बेटियों के लिए,इनमें से कोई नहीं,,C,,,,
25," “मैं चाहता हूँ कि वह जेंटिल मैन जरूर बने और
जो कुछ बने, उसका काम है, उसे पूरी आजादी
रहेगी।"" अपने बच्चे के विषय में ऐसा ख्याल
किनका है",सेन साहब का,पत्रकार महोदय का,गिरधर लाल का,अखबार नवीस का,,A,,,,
26," ""ऐसे ही लड़के आगे चलकर गुण्डे, चोर, डाकू
बनते हैं।"" यह पंक्ति कहानी के किस पात्र ने कही
है?",सेन साहब की धर्मपत्नी,गिरधर,सेन साहब,शोफर,,C,,,,
27," गिरधरलाल, सेन साहब की फैक्टरी में क्या था?",किरानी,ड्राइवर,एकाउन्टेन्ट,इनमें से कोई नहीं,,A,,,,
28, हिन्दी कविता में प्रपद्यवाद के प्रवर्तक कौन हैं?,मैक्समूलर,नलिन विलोचन शर्मा,अशोक वाजपेयी,अमरकांत,,B,,,,
29," किनकी लड़कियाँ तहजीव और तमीज की
जीती-जागती मूरत है?",गिरधरलाल की,डॉक्टर साहब की,सेन साहब की,इंजीनियर साहब की,,C,,,,
30," सीमा, रजनी, आलो, शेफाली, आरती-पाँचों
किनकी बहने थीं?",मदन की,खोखा की,लेखक की,सेन साहब की,,B,,,,
31, झोपड़ी और महल की लड़ाई में अक्सर कौन जीतते हैं?,महल वाले,झोपड़ी वाले,दोनों,कोई नहीं,,A,,,,
32," कौन-सी कहानी मध्यवर्ग के अंतर्विरोधों को
उजागर करती है?",श्रम विभाजन और जाति प्रथा,नाखून क्यों बढ़ते हैं,विष के दांत,नागरी लिपि,विष के दांत,- (C) विष के दांत,,,,
33, दर्शन और संस्कृत के प्रख्यात विद्वान महामहोपाध्याय पं० रामावतार शर्मा के ज्येष्ठ पुत्र थे—,भीमराव अंबेदकर,नलिन विलोचन शर्मा,हजारी प्रसाद द्विवेदी,यतीन्द्र मिश्र,,B,,,,
34," मध्यवर्ग के अनेक अंतर्विरोधों को उजागर करने
वाली कहानी है—",श्रम विभाजन और जाति प्रथा,भारत से हम,नागरी लिपि क्या सीखे,विष के दांत,,D,,,,
35, विष के दांत कहानी का प्रमुख पात्र है—,गिरधर,सेन साहब,खोखा,सेन साहब की पत्नी,,C,,,,
36," काशू और मदन की लड़ाई के संबंध में लेखक
क्या कहता है ?",हड्डी और मांस की लड़ाई,बँगले के पिल्ले और गली के कुत्ते की लड़ाई,उपर्युक्त दोनों,इनमें से कोई नहीं,,C,,,,
37," खोखा के दाँत तोड़ने के बाद गिरधर लाल मदन
को क्या करता है ?",गुस्सा करता है,पिटाई करता है,लपककर मदन को हाथों से उठा लेता है।,घर से भगा देता है,,C,,,,
38, सेन साहब के दूर के रिश्तेदार थे-,गिरधर लाल,मुकर्जी साहब,शोफर,अखबारनवीस,,D,,,,
39," नलिन विलोचन शर्मा की स्कूल की पढ़ाई कहाँ
से हुई थी ?",पटना कॉलेजिएट स्कूल,पटना हाइस्कूल,बी० एन० कॉलेजिएट स्कूल,टी० के० घोष हाइ स्कूल,,A,,,,
40, नलिन विलोचन शर्मा प्राध्यापक रहे हैं-,हर प्रसाद दास जैन कॉलेज आरा के,राँची विश्वविद्यालय के,पटना विश्वविद्यालय के,उपर्युक्त सभी के,,D,,,,
41, काली चमकती हुई स्ट्रीमल इंड नई मोटर कार थी—,इंजीनियर साहब की,अखबार नवीस की,पत्रकार महोदय की,सेन साहब की,,D,,,,
42, मदन खोखा के कितने दाँत तोड़ डाले?,एक,तीन,दो,चार,,B,,,,
43, 'विष के दाँत' कहानी में मोटरकार किसकी थी ?,गिरधर की,सेन साहब की,मदन की,शोफर की,,B,,,,
44, मदन के लिए क्या खाना मामूली बात थी?,दुत्कार,प्यार,मार,फटकार,,C,,,,
